{
  "train_loss": [
    0.8733819425106049,
    0.7497332096099854,
    0.6993879973888397,
    0.7368265688419342,
    0.5977343171834946,
    0.5762048363685608,
    0.6496933698654175,
    0.5821863412857056,
    0.6006900072097778,
    0.5216965973377228,
    0.5675686299800873,
    0.4918311685323715,
    0.47564560174942017,
    0.4540276527404785,
    0.5223056077957153,
    0.4391153156757355,
    0.4485354572534561,
    0.5137239545583725,
    0.44205108284950256,
    0.48165538907051086,
    0.4320676475763321,
    0.4596239775419235,
    0.4049246460199356,
    0.40762844681739807,
    0.4587675929069519,
    0.4081500470638275,
    0.351851686835289,
    0.40245679020881653,
    0.40365710854530334,
    0.4556385725736618,
    0.38867637515068054
  ],
  "val_loss": [
    0.7384125590324402,
    0.7501614093780518,
    0.7589777112007141,
    0.7625716328620911,
    0.7603013515472412,
    0.7553708553314209,
    0.7399781346321106,
    0.7274713516235352,
    0.7088648676872253,
    0.6782276034355164,
    0.6714585423469543,
    0.6494390368461609,
    0.6316453814506531,
    0.6118109822273254,
    0.5947307348251343,
    0.5724356174468994,
    0.5500859618186951,
    0.5344322919845581,
    0.5201464295387268,
    0.511399507522583,
    0.4975847005844116,
    0.4837277829647064,
    0.4859357476234436,
    0.47384750843048096,
    0.46349138021469116,
    0.46140071749687195,
    0.4617860019207001,
    0.4531305730342865,
    0.4406535029411316,
    0.44021493196487427,
    0.4332371950149536
  ],
  "train_accuracy": [
    0.38596491228070173,
    0.47368421052631576,
    0.49122807017543857,
    0.5087719298245614,
    0.7017543859649122,
    0.7017543859649122,
    0.5614035087719298,
    0.6491228070175439,
    0.6666666666666666,
    0.7368421052631579,
    0.631578947368421,
    0.7017543859649122,
    0.7719298245614035,
    0.7719298245614035,
    0.7192982456140351,
    0.7894736842105263,
    0.8771929824561403,
    0.7543859649122807,
    0.7719298245614035,
    0.7719298245614035,
    0.8421052631578947,
    0.8070175438596491,
    0.8421052631578947,
    0.8070175438596491,
    0.7719298245614035,
    0.8771929824561403,
    0.8771929824561403,
    0.8596491228070176,
    0.8421052631578947,
    0.8421052631578947,
    0.8596491228070176
  ],
  "val_accuracy": [
    0.3333333333333333,
    0.3333333333333333,
    0.3333333333333333,
    0.3333333333333333,
    0.3333333333333333,
    0.3333333333333333,
    0.3333333333333333,
    0.3333333333333333,
    0.3333333333333333,
    0.3333333333333333,
    0.5,
    0.5555555555555556,
    0.5555555555555556,
    0.6666666666666666,
    0.6666666666666666,
    0.8333333333333334,
    0.8333333333333334,
    0.8333333333333334,
    0.8333333333333334,
    0.8333333333333334,
    0.8333333333333334,
    0.8333333333333334,
    0.8333333333333334,
    0.8333333333333334,
    0.8333333333333334,
    0.8333333333333334,
    0.8333333333333334,
    0.8333333333333334,
    0.8333333333333334,
    0.8333333333333334,
    0.8333333333333334
  ],
  "learning_rate": [
    0.001,
    0.001,
    0.001,
    0.001,
    0.001,
    0.001,
    0.001,
    0.001,
    0.001,
    0.0005,
    0.0005,
    0.0005,
    0.0005,
    0.0005,
    0.0005,
    0.0005,
    0.0005,
    0.0005,
    0.0005,
    0.0005,
    0.0005,
    0.0005,
    0.0005,
    0.0005,
    0.00025,
    0.00025,
    0.00025,
    0.00025,
    0.00025,
    0.00025,
    0.00025
  ]
}