{
  "train_loss": [
    0.6590459942817688,
    0.6072197556495667,
    0.6157286167144775,
    0.5864675343036652,
    0.5423116981983185,
    0.5060957670211792,
    0.47941088676452637,
    0.45843809843063354,
    0.402204692363739,
    0.3807210326194763,
    0.39024518430233,
    0.3563847690820694,
    0.350425660610199,
    0.34364740550518036,
    0.35374581813812256,
    0.3405047357082367,
    0.35169123113155365,
    0.330962598323822,
    0.31108812987804413
  ],
  "val_loss": [
    0.675261914730072,
    0.6623519062995911,
    0.6488258838653564,
    0.6322753429412842,
    0.6130597591400146,
    0.5890534520149231,
    0.5633649230003357,
    0.5359694957733154,
    0.505199670791626,
    0.4734131395816803,
    0.44388845562934875,
    0.4151409864425659,
    0.39034247398376465,
    0.3790046274662018,
    0.3669043779373169,
    0.356197714805603,
    0.3492514491081238,
    0.34158116579055786,
    0.33125025033950806
  ],
  "train_accuracy": [
    0.6140350877192983,
    0.7192982456140351,
    0.7192982456140351,
    0.7368421052631579,
    0.8070175438596491,
    0.8245614035087719,
    0.8596491228070176,
    0.8596491228070176,
    0.8947368421052632,
    1.0,
    0.9298245614035088,
    1.0,
    0.9649122807017544,
    1.0,
    0.9473684210526315,
    0.9649122807017544,
    0.9824561403508771,
    0.9649122807017544,
    0.9824561403508771
  ],
  "val_accuracy": [
    0.6666666666666666,
    0.7222222222222222,
    0.8888888888888888,
    1.0,
    1.0,
    1.0,
    1.0,
    1.0,
    1.0,
    1.0,
    1.0,
    1.0,
    1.0,
    1.0,
    1.0,
    1.0,
    1.0,
    1.0,
    1.0
  ],
  "learning_rate": [
    0.001,
    0.001,
    0.001,
    0.001,
    0.001,
    0.001,
    0.001,
    0.001,
    0.001,
    0.001,
    0.001,
    0.001,
    0.0005,
    0.0005,
    0.0005,
    0.0005,
    0.0005,
    0.0005,
    0.0005
  ]
}