{
  "train_loss": [
    0.7904976010322571,
    0.7042186856269836,
    0.6203818321228027,
    0.5894215106964111,
    0.5948211252689362,
    0.5487406402826309,
    0.5001675337553024,
    0.4306851625442505,
    0.4579607993364334,
    0.46473369002342224,
    0.40540720522403717,
    0.3707120716571808,
    0.3963933289051056,
    0.36888357996940613,
    0.3719870448112488,
    0.3776579648256302,
    0.3292614370584488,
    0.3592176288366318,
    0.3156696856021881,
    0.33838748931884766,
    0.34084761142730713,
    0.3055335581302643,
    0.32814671099185944,
    0.352008581161499,
    0.2927533835172653,
    0.3028777092695236,
    0.33297020196914673,
    0.34307849407196045,
    0.2983965426683426,
    0.23064422607421875,
    0.30793581902980804,
    0.28578417003154755,
    0.2802906781435013,
    0.26384923607110977,
    0.24202989786863327,
    0.28851528465747833
  ],
  "val_loss": [
    0.7124301195144653,
    0.7123969197273254,
    0.7087947130203247,
    0.7012875080108643,
    0.6880614757537842,
    0.6685571670532227,
    0.6465725302696228,
    0.624962568283081,
    0.5968865752220154,
    0.5655550360679626,
    0.5327514410018921,
    0.5011217594146729,
    0.47424978017807007,
    0.4524402618408203,
    0.4324859082698822,
    0.41086089611053467,
    0.3892746865749359,
    0.37492385506629944,
    0.35818326473236084,
    0.3460145592689514,
    0.3417510986328125,
    0.334232896566391,
    0.3304731547832489,
    0.326990008354187,
    0.32587379217147827,
    0.31439846754074097,
    0.3113112449645996,
    0.3121989369392395,
    0.3063690960407257,
    0.2956010401248932,
    0.2937682867050171,
    0.29663944244384766,
    0.2937491536140442,
    0.2931419610977173,
    0.28992390632629395,
    0.2865246832370758
  ],
  "train_accuracy": [
    0.3684210526315789,
    0.543859649122807,
    0.6140350877192983,
    0.7368421052631579,
    0.6842105263157895,
    0.7894736842105263,
    0.8070175438596491,
    0.8596491228070176,
    0.8596491228070176,
    0.8596491228070176,
    0.8771929824561403,
    0.9298245614035088,
    0.8596491228070176,
    0.9649122807017544,
    0.8947368421052632,
    0.9298245614035088,
    0.9824561403508771,
    0.9473684210526315,
    0.9298245614035088,
    0.9649122807017544,
    0.8596491228070176,
    0.9824561403508771,
    0.8771929824561403,
    0.9122807017543859,
    0.9649122807017544,
    0.9473684210526315,
    0.9298245614035088,
    0.9122807017543859,
    0.9824561403508771,
    1.0,
    0.9122807017543859,
    0.9649122807017544,
    0.9473684210526315,
    0.9824561403508771,
    0.9824561403508771,
    0.9473684210526315
  ],
  "val_accuracy": [
    0.2222222222222222,
    0.3333333333333333,
    0.3333333333333333,
    0.3333333333333333,
    0.3333333333333333,
    0.4444444444444444,
    0.5555555555555556,
    0.7777777777777778,
    0.8333333333333334,
    0.8888888888888888,
    0.9444444444444444,
    0.9444444444444444,
    0.9444444444444444,
    0.9444444444444444,
    0.9444444444444444,
    0.9444444444444444,
    0.9444444444444444,
    0.9444444444444444,
    0.9444444444444444,
    0.9444444444444444,
    1.0,
    1.0,
    1.0,
    1.0,
    1.0,
    1.0,
    1.0,
    1.0,
    1.0,
    1.0,
    1.0,
    1.0,
    1.0,
    1.0,
    1.0,
    1.0
  ],
  "learning_rate": [
    0.001,
    0.001,
    0.001,
    0.001,
    0.001,
    0.001,
    0.001,
    0.001,
    0.001,
    0.001,
    0.001,
    0.001,
    0.001,
    0.001,
    0.001,
    0.001,
    0.001,
    0.001,
    0.001,
    0.0005,
    0.0005,
    0.0005,
    0.0005,
    0.0005,
    0.0005,
    0.0005,
    0.0005,
    0.0005,
    0.0005,
    0.00025,
    0.00025,
    0.00025,
    0.00025,
    0.00025,
    0.00025,
    0.00025
  ]
}