{
  "train_loss": [
    0.6916369497776031,
    0.6161381900310516,
    0.5296077728271484,
    0.48781371116638184,
    0.45768919587135315,
    0.38527390360832214,
    0.4032633304595947,
    0.38015176355838776,
    0.3208301365375519,
    0.3192683756351471,
    0.3263075053691864,
    0.364290326833725,
    0.2856374830007553,
    0.2812754213809967,
    0.26580771803855896,
    0.29212045669555664,
    0.219477079808712,
    0.2493337094783783,
    0.23865655809640884,
    0.2157922461628914
  ],
  "val_loss": [
    0.6438099145889282,
    0.6337881088256836,
    0.6167744398117065,
    0.5941576957702637,
    0.5657584071159363,
    0.5337209105491638,
    0.49803268909454346,
    0.4615434408187866,
    0.42669790983200073,
    0.3897644579410553,
    0.35527682304382324,
    0.32067883014678955,
    0.29261499643325806,
    0.2658318877220154,
    0.2538459897041321,
    0.24113617837429047,
    0.2291228026151657,
    0.2178717404603958,
    0.21200034022331238,
    0.20621319115161896
  ],
  "train_accuracy": [
    0.5614035087719298,
    0.631578947368421,
    0.7719298245614035,
    0.8245614035087719,
    0.9122807017543859,
    0.9473684210526315,
    0.8771929824561403,
    0.9122807017543859,
    0.9824561403508771,
    0.9473684210526315,
    0.9473684210526315,
    0.8947368421052632,
    0.9824561403508771,
    0.9298245614035088,
    0.9649122807017544,
    0.9298245614035088,
    0.9824561403508771,
    0.9473684210526315,
    0.9824561403508771,
    0.9824561403508771
  ],
  "val_accuracy": [
    0.6666666666666666,
    0.6666666666666666,
    0.6666666666666666,
    0.6666666666666666,
    1.0,
    1.0,
    1.0,
    1.0,
    1.0,
    1.0,
    1.0,
    1.0,
    1.0,
    1.0,
    1.0,
    1.0,
    1.0,
    1.0,
    1.0,
    1.0
  ],
  "learning_rate": [
    0.001,
    0.001,
    0.001,
    0.001,
    0.001,
    0.001,
    0.001,
    0.001,
    0.001,
    0.001,
    0.001,
    0.001,
    0.001,
    0.0005,
    0.0005,
    0.0005,
    0.0005,
    0.0005,
    0.0005,
    0.0005
  ]
}